participation,quantity,item_id,set_id
2,2,sw0001a,7121-1
3,2,sw0001a,3343-1
4,2,sw0001b,8018-1
5,1,sw0001b,7675-1
6,6,sw0001b,7126-1
7,1,sw0001b,30004-1
8,1,sw0001b,75037-1
9,2,sw0001b,7261-1
10,2,sw0001b,7261-2
11,1,sw0001b,7678-1
12,4,sw0001b,7654-1
13,2,sw0001b,7868-1
14,1,sw0001b,75058-1
15,2,sw0001b,7141-1
16,1,sw0001b,30058-1
17,2,sw0001b,7155-1
18,7,sw0001b,7184-1
19,2,sw0001b,7258-1
20,2,sw0001c,75280-1
21,1,sw0001c,75080-1
22,1,sw0001c,75023-14
23,1,sw0001c,75146-14
24,1,sw0001c,75213-9
25,1,sw0001c,75245-16
26,1,sw0001c,75279-15
27,1,sw0001c,75340-6
28,1,sw0001c,75043-1
29,3,sw0001c,75337-1
30,12,sw0001c,75086-1
31,2,sw0001c,7869-1
32,1,sw0001c,75037-1
33,1,sw0001c,75261-1
34,2,sw0001c,75151-1
35,2,sw0001c,7748-1
36,1,sw0001c,75042-1
37,1,sw0001c,75044-1
38,2,sw0001c,75091-1
39,2,sw0001c,7670-1
40,2,sw0001c,7670-2
41,2,sw0001c,75142-1
42,6,sw0001c,75058-1
43,2,sw0001c,75092-1
44,2,sw0001c,75342-1
45,2,sw0001c,75182-1
46,2,sw0001c,8091-1
47,2,sw0001c,8036-1
48,1,sw0001c,7681-1
49,8,sw0001c,7929-1
50,1,sw0001c,9515-1
51,16,sw0001c,7662-1
58,2,sw0001d,7678-1
59,1,sw0002,4476-1
60,1,sw0002,7144-1
61,1,sw0002,3341-1
62,1,sw0002a,6210-1
63,1,sw0002a,6209-1
65,1,sw0003,7101-1
66,1,sw0003,7151-1
67,1,sw0003,7663-1
68,1,sw0003,3340-1
70,1,sw0004,10123-1
71,1,sw0004,7200-1
72,1,sw0004,3340-1
73,1,sw0004,7150-1
74,1,sw0004,7152-1
75,1,sw0004a,7262-1
76,1,sw0004a,10131-1
77,1,sw0005,7139-1
78,2,sw0005,7128-1
79,2,sw0005,3342-1
80,1,sw0005a,7956-1
81,2,sw0005a,8038-1
83,1,sw0005b,9489-1
84,1,sw0006,7159-1
85,1,sw0007,7141-1
86,1,sw0008,7131-1
87,1,sw0008,7171-1
88,1,sw0008,7159-1
89,1,sw0009,7140-1
90,1,sw0009,7142-1
91,1,sw0010,7106-1
92,1,sw0010,4475-1
93,1,sw0010,7190-1
94,1,sw0010,4504-1
95,1,sw0010,4504-2
96,1,sw0010,10144-1
97,1,sw0011,7127-1
98,1,sw0011,7190-1
99,1,sw0011,3342-1
100,1,sw0011a,7958-7
101,1,sw0011a,comcon008-1
102,1,sw0011a,10188-1
103,1,sw0011a,10236-1
104,1,sw0011a,7879-1
105,1,sw0011a,9516-1
106,1,sw0011a,7965-1
107,1,sw0011a,10179-1
108,1,sw0011a,4504-1
109,1,sw0011a,4504-2
110,1,sw0011a,8038-1
111,1,sw0011a,7260-1
112,1,sw0011a,6212-1
117,1,sw0012,7130-1
118,1,sw0012a,4500-1
119,1,sw0012a,4500-2
120,1,sw0012b,7666-1
121,1,sw0013,7115-1
122,1,sw0014,7190-1
123,1,sw0015,7104-1
124,1,sw0016,7130-1
125,1,sw0017,7115-1
126,1,sw0017,7161-1
127,1,sw0017,7171-1
128,1,sw0017,7121-1
129,1,sw0017,7159-1
130,1,sw0018,7128-1
131,1,sw0019,4483-1
132,1,sw0019,4483-2
133,1,sw0019,7130-1
134,1,sw0019,7140-1
135,1,sw0019,7142-1
136,1,sw0019a,4500-1
137,1,sw0019a,4500-2
138,1,sw0020,7104-1
139,1,sw0021,7110-1
140,1,sw0021,7190-1
141,1,sw0021,4501-1
142,1,sw0021,4501-2
143,1,sw0022,7124-1
144,1,sw0023,7110-1
145,1,sw0023a,4501-1
146,1,sw0023a,4501-2
147,1,sw0024,7161-1
148,1,sw0025,7131-1
149,1,sw0025,7171-1
150,1,sw0026,7190-1
151,1,sw0027,7161-1
152,1,sw0027,7204-1
153,1,sw0027,7101-1
154,1,sw0027,7171-1
155,1,sw0027,7121-1
156,1,sw0028,7669-1
157,1,sw0028,7669-2
158,1,sw0028,7106-1
159,1,sw0028,4475-1
160,1,sw0028,7190-1
161,1,sw0028,7171-1
162,1,sw0028,7141-1
163,1,sw0028,7660-1
164,1,sw0028,10144-1
165,1,sw0028,7680-1
166,1,sw0028,7140-1
167,1,sw0028,6212-1
168,1,sw0028,7191-1
169,1,sw0028,4502-1
170,1,sw0028,4502-2
171,1,sw0028,7142-1
174,1,sw0028a,6210-1
175,1,sw0029,7259-1
176,1,sw0029,7180-1
177,1,sw0029,7150-1
178,1,sw0029,7152-1
179,1,sw0029,7262-1
180,1,sw0029,10134-1
181,1,sw0029,7658-1
182,1,sw0029a,7658-1
183,1,sw0030,7134-1
184,1,sw0031,7134-1
185,1,sw0031a,6207-1
186,1,sw0031b,7754-1
187,1,sw0032,7180-1
188,1,sw0032a,6208-1
189,1,sw0033,7150-1
190,1,sw0033,7152-1
191,1,sw0033a,7262-1
192,1,sw0034,7180-1
193,1,sw0034,7140-1
194,1,sw0034,7142-1
195,1,sw0035,4479-1
196,1,sw0035,7146-1
197,1,sw0035a,7263-1
198,2,sw0035a,10131-1
199,1,sw0035b,7659-1
200,1,sw0035b,6206-1
201,1,sw0036,10123-1
202,1,sw0036,7139-1
203,1,sw0036,7201-1
204,1,sw0036,7146-1
205,2,sw0036a,6211-1
206,2,sw0036b,7659-1
208,1,sw0037,7131-1
209,1,sw0037,7171-1
210,1,sw0038,7186-1
211,1,sw0039,7171-1
212,2,sw0040,7264-1
213,2,sw0040,7166-1
214,2,sw0040,6211-1
215,2,sw0040b,10188-1
217,2,sw0040b,6211-1
218,1,sw0041,7200-1
219,1,sw0041,7166-1
220,1,sw0041,3340-1
221,1,sw0042,7166-1
222,1,sw0043,7171-1
223,1,sw0044,3341-1
224,1,sw0045,10123-1
225,1,sw0045,3341-1
226,1,sw0046,7201-1
227,1,sw0047,7204-1
228,1,sw0048,7204-1
229,1,sw0048,3343-1
230,1,sw0049,7119-1
231,1,sw0050,7139-1
232,1,sw0051,7103-1
233,1,sw0051,7260-1
234,1,sw0051,4502-1
235,1,sw0051,4502-2
236,2,sw0052,7113-1
237,1,sw0053,7153-1
238,1,sw0054,7153-1
239,1,sw0055,7143-1
240,1,sw0055a,7133-1
241,2,sw0056,7163-1
242,1,sw0057,7163-1
243,4,sw0058,4482-1
244,4,sw0058,7163-1
245,1,sw0059,7133-1
246,1,sw0060,7103-1
247,2,sw0061,4478-1
248,2,sw0061,4478-2
249,1,sw0062,4478-1
250,1,sw0062,4478-2
251,2,sw0063,7203-1
252,1,sw0063,7163-1
253,1,sw0064,7171-1
254,1,sw0065,7126-1
255,1,sw0066,3340-1
256,1,sw0067,7139-1
257,1,sw0068,7201-1
258,1,sw0069,7203-1
259,1,sw0070,4480-1
260,1,sw0071,4480-1
261,1,sw0071,6210-1
262,1,sw0072,4480-1
263,1,sw0073,4480-1
264,1,sw0073a,10144-1
265,1,sw0074,4480-1
266,1,sw0075,4476-1
267,1,sw0076,4475-1
268,1,sw0077,4477-1
269,1,sw0078,4478-1
270,1,sw0078,4478-2
271,1,sw0079,4480-1
272,1,sw0080,4504-1
273,1,sw0081,4504-1
274,1,sw0081,4504-2
275,1,sw0082,6207-1
276,1,sw0083,6210-1
278,1,sw0084,6210-1
279,1,sw0085,6210-1
281,1,sw0086,6210-1
282,1,sw0087,6210-1
283,1,sw0088,6212-1
284,1,sw0088a,6212-1
285,1,sw0089,6212-1
286,1,sw0090,7666-1
287,1,sw0090,10178-1
288,1,sw0090,6212-1
289,1,sw0090a,6212-1
290,1,sw0091,7655-1
291,1,sw0092,9509-22
292,1,sw0092,75056-3
293,1,sw0092,75043-1
294,2,sw0092,75037-1
295,1,sw0092,75042-1
296,3,sw0092,7654-1
297,2,sw0092,75085-1
298,1,sw0092,7670-1
299,1,sw0092,7670-2
300,2,sw0092,75016-1
301,2,sw0092,75021-1
302,1,sw0092,8091-1
303,1,sw0092,7681-1
304,1,sw0093,7657-1
306,1,sw0094,7658-1
308,2,sw0095,7662-1
309,1,sw0095a,8036-1
310,1,sw0096,9509-7
311,1,sw0096,9494-1
312,2,sw0096,7662-1
313,1,sw0097,4591726-1
315,1,sw0098,8089-1
316,1,sw0099,7113-1
317,1,sw0100,7133-1
318,2,sw0101,4483-1
319,2,sw0101,4483-2
320,1,sw0102,4483-1
321,1,sw0102,4483-2
322,1,sw0103,10123-1
323,1,sw0104,10123-1
324,1,sw0105,10123-1
325,1,sw0106,4502-1
326,1,sw0106,4502-2
327,1,sw0107,10123-1
328,1,sw0108,4500-1
329,1,sw0108,4500-2
330,1,sw0109,4501-1
331,1,sw0109,4501-2
332,2,sw0109a,7659-1
333,1,sw0110,4501-1
334,1,sw0110,4501-2
335,1,sw0111,4501-1
336,1,sw0111,4501-2
337,1,sw0113,4504-1
338,1,sw0113,4504-2
339,1,sw0113,6212-1
340,1,sw0113a,6212-1
341,2,sw0114,7264-1
342,2,sw0115,8129-1
343,1,sw0115,comcon007-1
344,2,sw0115,7749-1
345,2,sw0115,7879-1
346,2,sw0115,7666-1
347,1,sw0115,4504-2
348,1,sw0115,10178-1
349,2,sw0115,8084-1
351,1,sw0115,4504-1
352,1,sw0116,7260-1
353,1,sw0117,sw117promo-1
354,1,sw0117,7263-1
355,3,sw0118,7259-1
356,1,sw0118,6205-1
357,1,sw0119,8093-1
358,1,sw0120,7256-1
359,1,sw0120,7283-1
360,1,sw0121,7257-1
361,4,sw0122,7264-1
362,1,sw0123,7264-1
363,1,sw0123,6211-1
364,1,sw0124,7264-1
365,1,sw0125,7258-1
366,2,sw0126,7655-1
367,1,sw0126,7261-1
368,2,sw0126,7261-2
369,1,sw0127,7261-1
370,1,sw0127,7261-2
371,1,sw0128,7261-1
372,1,sw0128,7261-2
373,1,sw0128a,7655-1
375,2,sw0129,7260-1
376,1,sw0130,7250-1
377,1,sw0131,7261-1
378,1,sw0131,7261-2
379,2,sw0132,7258-1
380,1,sw0132,7260-1
381,1,sw0133,7261-1
382,1,sw0134,7255-1
383,1,sw0134a,comcon006-1
384,1,sw0134a,7656-1
385,1,sw0135,7255-1
386,2,sw0136,7751-1
387,1,sw0136,7252-1
388,2,sw0136,7283-1
389,1,sw0137,7257-1
390,1,sw0138,7251-1
391,1,sw0138,tf05-1
392,1,sw0139,7251-1
393,1,sw0139,tf05-1
394,1,sw0140,10144-1
395,3,sw0141,10144-1
396,1,sw0142,10144-1
397,1,sw0143,10131-1
398,1,sw0144,7251-1
399,1,sw0144,tf05-1
400,1,sw0145,10144-1
401,1,sw0146,10144-1
402,1,sw0147,10144-1
403,1,sw0148,7261-2
404,1,sw0149,6209-1
405,1,sw0150,6209-1
406,1,sw0151,6209-1
407,1,sw0152,7283-1
408,1,sw0153,6208-1
409,1,sw0154,6211-1
410,1,sw0155,6211-1
411,1,sw0156,10188-1
412,1,sw0156,75159-1
413,1,sw0156,6211-1
414,1,sw0156,75055-1
415,1,sw0156a,7958-15
416,1,sw0156a,912057-1
417,1,sw0157,10188-1
418,1,sw0157,6211-1
419,1,sw0158,4521221-1
420,1,sw0159,7660-1
422,1,sw0160,7660-1
424,1,sw0161,10144-1
425,1,sw0161a,8129-1
426,1,sw0161a,10188-1
427,1,sw0161a,8092-1
428,1,sw0161a,10198-1
436,1,sw0161a,10144-1
437,1,sw0162,7661-1
438,1,sw0163,8088-1
439,1,sw0163,7661-1
441,1,sw0164,7662-1
442,1,sw0165,7666-1
443,1,sw0166a,7667-1
444,2,sw0166a,7664-1
446,2,sw0167,7666-1
447,1,sw0168,7665-1
448,1,sw0169,7665-1
449,1,sw0170,7665-1
450,1,sw0171,7666-1
451,1,sw0172,7665-1
452,1,sw0172a,7665-1
453,1,sw0173,7665-1
454,1,sw0174,10179-1
455,1,sw0175,10188-1
456,1,sw0175,10179-1
457,1,sw0175,10198-1
459,1,sw0175a,10198-1
460,1,sw0175b,10188-1
461,1,sw0176,10188-1
462,1,sw0176,10179-1
463,1,sw0177,10178-1
464,1,sw0178,10178-1
465,1,sw0179,10188-1
466,1,sw0179,10179-1
467,1,sw0179,8038-1
469,1,sw0179a,10188-1
470,1,sw0179a,8038-1
471,1,sw0180,7672-1
473,1,sw0181,7672-1
474,1,sw0182,7672-1
475,1,sw0183,7669-1
476,1,sw0183,7669-2
477,1,sw0183,8037-1
478,1,sw0183,7675-1
479,1,sw0183,8098-1
480,1,sw0183,comcon009-1
481,1,sw0183,7931-1
482,1,sw0183,9515-1
483,1,sw0183,7680-1
489,1,sw0184,7670-1
490,1,sw0184,7670-2
491,1,sw0184,7681-1
492,4,sw0187,7668-1
493,1,sw0187,10198-1
494,2,sw0188,10188-1
495,3,sw0188,7667-1
496,1,sw0188,10212-1
497,1,sw0188,30005-1
498,1,sw0188,8087-1
504,2,sw0188,7659-1
506,2,sw0188a,6211-1
507,2,sw0189,7671-1
508,2,sw0190,7752-1
509,2,sw0190,7673-1
510,1,sw0191,8019-1
511,2,sw0191,10195-1
512,1,sw0191,7674-1
513,1,sw0191,8039-1
514,1,sw0192,7751-1
515,1,sw0192,8037-1
516,1,sw0192,7675-1
517,1,sw0192,8098-1
518,1,sw0192,comcon004-1
519,1,sw0192,7680-1
521,1,sw0193,7675-1
522,1,sw0193,7680-1
523,1,sw0194,7675-1
524,1,sw0194,comcon001-1
525,1,sw0195,comcon006-1
526,1,sw0195,7676-1
527,1,sw0196,7676-1
528,1,sw0197,comcon009-1
529,1,sw0197,7753-1
530,1,sw0197,9525-1
531,1,sw0197,7676-1
532,1,sw0197,7931-1
534,1,sw0198,8093-1
535,1,sw0198,7676-1
536,2,sw0199,7659-1
537,1,sw0200,7676-1
538,1,sw0200a,8098-1
539,1,sw0201,8018-1
540,1,sw0201,7675-1
541,1,sw0201,30006-1
542,2,sw0201,8014-1
543,4,sw0201,comcon001-1
544,1,sw0201,comcon004-1
545,1,sw0201,comcon009-1
546,1,sw0201,8019-1
547,6,sw0201,10195-1
548,1,sw0201,7679-1
549,1,sw0201,7681-1
556,1,sw0202,7681-1
557,1,sw0203,7679-1
558,1,sw0204,comcon008-1
559,1,sw0204,10188-1
560,1,sw0205,comcon008-1
561,1,sw0205,10188-1
562,1,sw0205a,10188-1
563,1,sw0206,10188-1
564,1,sw0207,comcon005-1
565,1,sw0207,10188-1
566,2,sw0208,10188-1
567,1,sw0208,8038-1
568,2,sw0208a,10188-1
569,1,sw0209,comcon007-1
570,1,sw0209,8017-1
571,1,sw0209,10188-1
574,1,sw0210,10188-1
575,1,sw0210,8096-1
576,1,sw0211,10188-1
577,1,sw0211a,10188-1
578,1,sw0212,10188-1
579,1,sw0213,7958-14
580,1,sw0213,10188-1
581,1,sw0213,6211-1
582,1,sw0214,6211-1
583,1,sw0215,10188-1
584,1,sw0216a,8095-1
585,1,sw0216s,8095-1
586,1,sw0217,9494-1
587,1,sw0217,10188-1
588,1,sw0217,9490-1
589,1,sw0217,8092-1
590,1,sw0217,7877-1
591,1,sw0217,10225-1
592,1,sw0217,10240-1
593,1,sw0217,10198-1
594,1,sw0217,8038-1
595,1,sw0217,9493-1
598,1,sw0217a,75020-1
599,1,sw0218,sw218promo-1
601,1,sw0219,8018-1
602,1,sw0219,7964-1
606,1,sw0220,comcon004-1
607,1,sw0220,7868-1
608,1,sw0220,8019-1
610,1,sw0221,8014-1
611,1,sw0221,8039-1
612,2,sw0222,8015-1
613,1,sw0222,7930-1
614,1,sw0222,8128-1
615,1,sw0223,8014-1
616,1,sw0224,comcon006-1
617,1,sw0224,7752-1
618,1,sw0224,9515-1
621,1,sw0225,7752-1
622,1,sw0226,8095-1
623,1,sw0227,8086-1
624,2,sw0228,8086-1
625,3,sw0228,8016-1
626,3,sw0229,8015-1
627,3,sw0230,8018-1
628,1,sw0230,7869-1
629,1,sw0231,7751-1
631,2,sw0233,7748-1
633,1,sw0235,8038-1
634,1,sw0236,10236-1
635,1,sw0236,8038-1
636,1,sw0237,8038-1
637,1,sw0238,8038-1
639,1,sw0239,8038-1
640,1,sw0240,8038-1
641,1,sw0241,8036-1
643,1,sw0242,7958-3
644,1,sw0242,8036-1
646,1,sw0243,8039-1
648,1,sw0244,8128-1
649,2,sw0244,8039-1
651,1,sw0245,7753-1
652,1,sw0246,7753-1
653,1,sw0247,75003-1
654,1,sw0247,comcon005-1
655,1,sw0247,7754-1
657,1,sw0248,7754-1
658,1,sw0249,7754-1
659,1,sw0250,7754-1
660,1,sw0250a,comcon005-1
661,1,sw0251,7754-1
662,2,sw0252,7749-1
663,1,sw0253,comcon007-1
664,1,sw0253,7749-1
665,1,sw0253a,7749-1
666,1,sw0254,8095-1
667,1,sw0254,9515-1
668,1,sw0255,8037-1
669,1,sw0256,10198-1
679,1,sw0258,8083-1
680,2,sw0259,8083-1
681,1,sw0260,8089-1
682,1,sw0260,8083-1
683,1,sw0261,8084-1
684,1,sw0262,8129-1
685,1,sw0262,8084-1
686,1,sw0263,8085-1
687,1,sw0264,8085-1
688,1,sw0265,8088-1
690,1,sw0266,8088-1
691,1,sw0267,8088-1
692,1,sw0268,7958-20
693,1,sw0268,8087-1
694,1,sw0268a,9492-1
695,1,sw0268a,9676-1
696,1,sw0269,8091-1
698,1,sw0270,8092-1
699,1,sw0271,8092-1
700,1,sw0272,8091-1
701,1,sw0273,8092-1
702,1,sw0274,8092-1
703,1,sw0275,4597068-2
704,1,sw0275,4597068-1
705,1,sw0277,10212-1
706,1,sw0277,7965-1
707,1,sw0277,10221-1
713,1,sw0278,8097-1
714,1,sw0279,8097-1
715,1,sw0280,8097-1
716,1,sw0280,10221-1
717,1,sw0281,8096-1
718,1,sw0282,8096-1
719,1,sw0283,8096-1
720,1,sw0284,8098-1
721,1,sw0285,8128-1
722,1,sw0285,8098-1
723,1,sw0286,8098-1
724,1,sw0287,8128-1
725,1,sw0288,8128-1
726,1,sw0289,8129-1
727,1,sw0290,8129-1
728,1,sw0291,8129-1
729,1,sw0291,75014-1
730,1,sw0292,10212-1
733,1,sw0293,10212-1
734,1,sw0294,10212-1
735,1,sw0295,8129-1
736,1,sw0295,9493-1
737,4,sw0296,7914-1
738,1,sw0296,9525-1
739,1,sw0297,7913-1
740,1,sw0298,7913-1
741,2,sw0299,7913-1
742,2,sw0300,75086-1
743,2,sw0300,7929-1
744,1,sw0301,75080-1
745,1,sw0301,9499-1
746,1,sw0301,7929-1
747,1,sw0302,9509-3
748,1,sw0302,7929-1
749,1,sw0303,7915-1
750,1,sw0304,7915-1
751,1,sw0305,7930-1
752,1,sw0306,7930-1
753,1,sw0307,7930-1
754,1,sw0308,9498-1
755,1,sw0308,7931-1
756,1,sw0309,7931-1
757,1,sw0310,7869-1
758,2,sw0311,7676-1
759,1,sw0312,7868-1
760,1,sw0313,7868-1
761,1,sw0314,7869-1
762,1,sw0315,2856197-1
763,1,sw0316,7957-1
764,1,sw0317,7957-1
765,1,sw0318,7957-1
766,1,sw0319,7959-1
767,1,sw0320,75023-16
768,1,sw0320,7959-1
769,1,sw0321,7961-1
770,1,sw0322,7961-1
771,1,sw0323,7961-1
772,1,sw0324,7961-1
773,1,sw0325,7962-1
774,1,sw0326,7962-1
775,1,sw0326,9675-1
776,1,sw0327,7962-1
777,1,sw0328,7962-1
778,1,sw0329,7962-1
779,1,sw0330,7964-1
780,1,sw0331,7964-1
781,1,sw0332,7964-1
782,1,sw0333,7964-1
783,1,sw0334,7965-1
784,1,sw0335,7965-1
785,1,sw0336,7965-1
786,1,sw0336,10188-1
787,1,sw0337,7965-1
788,1,sw0338,7956-1
789,1,sw0338,10236-1
790,1,sw0339,7956-1
791,1,sw0340,7877-1
792,1,sw0340,9674-1
793,1,sw0341,7959-1
794,1,sw0342,7879-1
795,1,sw0343,7879-1
796,1,sw0344,7879-1
797,1,sw0345,7879-1
798,1,sw0346,7879-1
799,2,sw0347,7877-1
800,1,sw0348,7877-1
801,1,sw0349,7877-1
802,1,sw0350,10221-1
803,1,sw0351,10221-1
804,1,sw0352,10221-1
805,1,sw0354,7958-9
806,1,sw0355,7958-17
815,1,sw0358,7958-25
816,2,sw0359,75012-1
817,2,sw0359,9488-1
818,1,sw0359,11905-1
822,1,sw0360,75029-1
823,1,sw0360,75080-1
824,1,sw0360,7958-12
825,1,sw0360,75058-1
826,1,sw0360,75041-1
827,1,sw0360,75073-1
828,1,sw0361,9494-1
829,1,sw0362,9494-1
830,1,sw0363,9494-1
831,1,sw0364,9490-1
832,1,sw0365,9490-1
833,1,sw0365,10236-1
834,1,sw0365,celeb2015-1
835,1,sw0366,9489-1
836,2,sw0366,10236-1
838,1,sw0367,9489-1
839,1,sw0367,10236-1
840,1,sw0368,9489-1
841,1,sw0369,9495-1
842,1,sw0370,75023-2
843,1,sw0370,9495-1
844,1,sw0371,9495-1
845,1,sw0372,9493-1
846,1,sw0373,75059-1
847,1,sw0373,9493-1
848,1,sw0374,9492-1
849,1,sw0375,9492-1
850,1,sw0376,9492-1
851,1,sw0377,9488-1
852,1,sw0378,9488-1
853,1,sw0379,9491-1
854,1,sw0380,9491-1
855,1,sw0380,11905-1
859,1,sw0381,9491-1
860,1,sw0382,9491-1
861,1,sw0383,9490-1
862,1,sw0384,5000062-1
863,1,sw0385,5000063-1
866,1,sw0387,9499-1
867,1,sw0389,9497-1
868,1,sw0390,9497-1
869,1,sw0391,9497-1
870,1,sw0392,9498-1
871,1,sw0393,9498-1
874,1,sw0395,9496-1
875,1,sw0396,9496-1
878,1,sw0397,9496-1
879,1,sw0398,9496-1
880,1,sw0399,9677-1
881,1,sw0400,9678-1
882,1,sw0401,9679-1
883,1,sw0402,75020-1
884,1,sw0402,9516-1
885,1,sw0403,9516-1
886,1,sw0404,9516-1
887,1,sw0405,9516-1
888,1,sw0405,75005-1
889,1,sw0406,9516-1
890,1,sw0407,9516-1
891,1,sw0408,9516-1
892,1,sw0409,9499-1
893,1,sw0410,9499-1
894,1,sw0411,9515-1
895,1,sw0412,9516-1
896,1,sw0413,9500-1
897,2,sw0414,9500-1
898,1,sw0415,75043-1
899,1,sw0415,75092-1
900,1,sw0415,9515-1
901,1,sw0416,9525-1
902,1,sw0417,9526-1
903,1,sw0418,9526-1
904,1,sw0419,9526-1
905,1,sw0420,9526-1
906,1,sw0421,9526-1
907,1,sw0422,9526-1
908,1,sw0423,9509-25
909,1,sw0424,9509-24
910,1,sw0425,9509-13
911,1,sw0426,9509-10
912,1,sw0427,9509-19
913,1,sw0427,75011-1
914,1,sw0428,9509-16
915,1,sw0429,comcon019-1
916,1,sw0430,9509-14
917,1,sw0431,celeb2012-1
918,1,sw0432,comcon024-1
919,1,sw0433,75005-1
920,1,sw0434,75005-1
921,1,sw0435,75004-1
922,1,sw0436,75001-1
923,1,sw0437,75003-1
924,1,sw0438,75000-1
925,1,sw0439,75004-1
926,1,sw0440,75001-1
927,2,sw0441,75000-1
928,1,sw0441a,75045-1
929,1,sw0442,75023-11
930,1,sw0442,75000-1
931,1,sw0442,75015-1
932,1,sw0442,75016-1
933,1,sw0442,75007-1
934,1,sw0443,75025-1
935,1,sw0443,75001-1
936,1,sw0444,75001-1
937,1,sw0445,75002-1
938,1,sw0445,75004-1
939,1,sw0446,75002-1
941,1,sw0446a,yodachron-1
942,1,sw0447,75002-1
943,1,sw0448,75002-1
944,1,sw0449,75012-1
945,1,sw0450,75012-1
946,1,sw0451,75003-1
947,1,sw0451,10236-1
948,1,sw0452,75046-1
949,1,sw0452,75013-1
950,1,sw0453,75013-1
951,2,sw0454,75013-1
952,1,sw0455,75010-1
953,1,sw0456,75006-1
954,1,sw0457,75008-1
955,1,sw0458,75009-1
956,1,sw0459,75014-1
957,1,sw0460,75056-19
958,1,sw0460,75014-1
959,1,sw0461,75014-1
960,1,sw0462,75014-1
961,1,sw0463,75056-9
962,2,sw0463,75014-1
963,1,sw0464,darthvader-1
966,1,sw0466,5001621-1
967,1,sw0467,75019-1
968,1,sw0467,75077-1
969,1,sw0467b,75015-1
970,1,sw0468,75015-1
971,1,sw0469,75016-1
972,1,sw0471,75017-1
973,1,sw0472,75017-1
974,1,sw0473,75023-4
975,1,sw0473,75017-1
976,1,sw0474,75017-1
977,1,sw0475,75018-1
978,1,sw0475a,comcon032-1
979,1,sw0476,75018-1
980,1,sw0477,75018-1
981,1,sw0478,75018-1
982,1,sw0479,75019-1
983,1,sw0480,75019-1
984,1,sw0481,75019-1
985,1,sw0482,75019-1
986,1,sw0483,75020-1
987,1,sw0485,75020-1
988,1,sw0486,75020-1
989,1,sw0487,75020-1
990,1,sw0488,75087-1
991,1,sw0488,75021-1
992,1,sw0489,75021-1
993,1,sw0490,75021-1
994,1,sw0491,75021-1
995,1,sw0492,75021-1
996,1,sw0493,75022-1
997,1,sw0494,75022-1
998,1,sw0495,75022-1
999,1,sw0496,75024-1
1000,1,sw0497,75024-1
1001,1,sw0498,75024-1
1002,1,sw0499,75025-1
1003,1,sw0500,75025-1
1004,1,sw0501,75025-1
1005,1,sw0502,5001709-1
1010,1,sw0504,10236-1
1011,1,sw0505,75023-19
1012,2,sw0505,10236-1
1013,1,sw0506,75023-25
1014,1,sw0507,75023-7
1015,1,sw0508,75097-9
1016,1,sw0508,10236-1
1017,1,sw0509,10236-1
1018,1,sw0510,10236-1
1019,1,sw0511,10236-1
1020,1,sw0512,10236-1
1023,1,sw0513,75238-1
1024,1,sw0513,10236-1
1025,1,sw0514,75023-23
1026,1,sw0515,75040-1
1027,1,sw0515,75286-1
1028,1,sw0515,75199-1
1029,1,sw0516,yodachron-1
1030,1,sw0517,yodachron-1
1031,1,sw0517a,yodachron-1
1032,1,sw0518,75151-1
1033,1,sw0518,75042-1
1034,2,sw0518,75035-1
1035,1,sw0519,75142-1
1036,2,sw0519,75035-1
1037,1,sw0520,75034-1
1038,2,sw0521,75093-1
1039,2,sw0521,75034-1
1040,2,sw0521b,75251-1
1041,2,sw0521b,75159-1
1042,2,sw0521b,75291-1
1043,2,sw0522,75036-1
1044,2,sw0523,75036-1
1045,1,sw0524,75037-1
1046,1,sw0525,75039-1
1047,1,sw0526,75038-1
1048,1,sw0527,comcon044-1
1049,1,sw0527,75038-1
1050,1,sw0527,75092-1
1051,1,sw0527,75059-1
1052,1,sw0527,75096-1
1053,1,sw0527,Fanexpo002-1
1056,1,sw0527a,4002019-1
1057,1,sw0527a,75214-1
1058,1,sw0527a,75222-1
1059,1,sw0527a,75159-1
1060,1,sw0527a,75136-1
1061,1,sw0527a,75228-1
1062,1,sw0527a,75221-1
1063,1,sw0527a,75257-1
1064,1,sw0527a,75522-1
1065,1,sw0527a,912057-1
1066,1,sw0527a,75244-1
1067,1,sw0527a,75218-1
1068,1,sw0527a,75235-1
1069,1,sw0527a,75168-1
1072,1,sw0527a,75092-1
1073,1,sw0527a,75059-1
1074,1,sw0527a,75096-1
1076,1,sw0528,75043-1
1077,1,sw0528,75151-1
1078,2,sw0529,75159-1
1079,1,sw0529,75034-1
1083,1,sw0530,75043-1
1084,1,sw0530,75233-1
1085,2,sw0531,75046-1
1086,1,sw0532,75245-8
1087,1,sw0532,75234-1
1088,1,sw0532,75222-1
1089,1,sw0532,75159-1
1090,1,sw0532,75339-1
1091,1,sw0532,75174-1
1092,1,sw0532,75042-1
1093,1,sw0532,75094-1
1094,1,sw0532,75105-1
1095,1,sw0532,75257-1
1096,1,sw0532,75192-1
1097,1,sw0532,75193-1
1098,1,sw0532,75290-1
1099,1,sw0532,75180-1
1100,1,sw0533,75044-1
1101,1,sw0533,75041-1
1102,1,sw0534,75087-1
1103,1,sw0534,75039-1
1104,1,sw0535,75040-1
1105,1,sw0536,75041-1
1106,2,sw0537,75045-1
1107,1,sw0538,75045-1
1108,1,sw0539,75030-1
1109,1,sw0539,75052-1
1110,1,sw0540,75044-1
1111,1,sw0541,75028-1
1112,1,sw0542,75046-1
1113,1,sw0543,75056-12
1114,1,sw0543,75031-1
1115,1,sw0544,75032-1
1116,1,sw0545,75033-1
1117,1,sw0546,5002122-1
1118,1,sw0547,5002123-1
1119,1,sw0548a,75052-1
1120,1,sw0550,75059-1
1121,1,sw0551,75056-14
1122,1,sw0551,75052-1
1123,1,sw0551,75059-1
1124,1,sw0552,75159-1
1125,1,sw0552,75221-1
1126,1,sw0552,75173-1
1127,1,sw0552,75052-1
1128,1,sw0553,75052-1
1129,3,sw0554,75052-1
1130,3,sw0554,75290-1
1131,1,sw0555,75059-1
1132,1,sw0556,75050-1
1133,1,sw0557,75050-1
1134,1,sw0558,75050-1
1135,1,sw0559,75059-1
1136,1,sw0560,75097-5
1137,1,sw0560,75136-1
1138,2,sw0560,75059-1
1139,1,sw0561,75059-1
1140,1,sw0562,75059-1
1141,1,sw0565,75158-1
1142,1,sw0565,comcon039-1
1143,1,sw0565,75048-1
1144,1,sw0565,75170-1
1151,1,sw0567,75049-1
1152,2,sw0568,75098-1
1153,2,sw0568,75054-1
1154,1,sw0568,75138-1
1155,1,sw0568,75049-1
1158,1,sw0569,75049-1
1159,1,sw0570,75051-1
1160,1,sw0571,75051-1
1161,1,sw0572,75051-1
1162,1,sw0573,75051-1
1163,1,sw0574,75090-1
1164,1,sw0574,75158-1
1168,1,sw0574a,75048-1
1169,1,sw0575,75053-1
1170,1,sw0576,75053-1
1171,1,sw0576,75127-1
1172,1,sw0577,75053-1
1173,1,sw0578,75083-1
1174,1,sw0578,75157-1
1175,1,sw0578,75090-1
1176,2,sw0578,75078-1
1177,1,sw0578,75141-1
1178,1,sw0578,75053-1
1179,1,sw0579,75054-1
1180,1,sw0580,75054-1
1181,1,sw0581,75054-1
1182,1,sw0581,75075-1
1183,1,sw0582,75055-1
1184,1,sw0583,75146-5
1185,1,sw0583,75055-1
1186,1,sw0584,75055-1
1187,1,sw0585,75097-11
1188,1,sw0585,75146-22
1189,2,sw0585,75222-1
1190,2,sw0585,75159-1
1191,2,sw0585,75055-1
1192,2,sw0585,75165-1
1193,1,sw0585,75060-1
1194,1,sw0585,75186-1
1195,1,sw0585,75172-1
1196,1,sw0586,75055-1
1197,1,sw0587,75059-1
1200,1,sw0589,75059-1
1201,1,sw0590,75136-1
1202,2,sw0590,75059-1
1203,1,sw0591,75058-1
1204,1,sw0592,75058-1
1205,1,sw0592,75092-1
1206,1,sw0593,75058-1
1207,1,sw0594,75091-1
1208,1,sw0594,75058-1
1212,1,sw0596,75056-5
1213,1,sw0597,75056-17
1214,1,sw0598,75056-23
1215,1,sw0599,75056-25
1216,1,sw0600,75044-1
1218,1,sw0602,911719-1
1219,1,sw0602,75141-1
1220,1,sw0602,fanexpo001-1
1221,1,sw0602,75084-1
1222,1,sw0602,75053-1
1223,2,sw0603,75079-1
1224,2,sw0604,75079-1
1225,2,sw0605,75089-1
1226,2,sw0606,75089-1
1227,1,sw0607,75074-1
1228,1,sw0608,75072-1
1229,1,sw0609,75076-1
1230,1,sw0610,75060-1
1231,1,sw0611,75060-1
1232,1,sw0612,75060-1
1233,1,sw0613,75088-1
1234,3,sw0614,75088-1
1235,1,sw0615,75087-1
1236,1,sw0616,75090-1
1237,1,sw0616,75106-1
1238,2,sw0617,75078-1
1240,1,sw0619,75081-1
1241,1,sw0620,75173-1
1242,1,sw0620,75081-1
1243,1,sw0620,75198-1
1244,2,sw0621,75106-1
1245,1,sw0621,75128-1
1246,1,sw0621,75082-1
1247,1,sw0622,75082-1
1248,1,sw0623,75106-1
1249,1,sw0623,75082-1
1250,2,sw0624,75083-1
1251,1,sw0624,75130-1
1252,1,sw0625,75083-1
1253,1,sw0625,75158-1
1254,1,sw0626,75084-1
1255,2,sw0627,75084-1
1256,1,sw0628,75086-1
1257,1,sw0629,75085-1
1258,1,sw0630,5002938-1
1262,1,sw0632,75095-1
1263,1,sw0633,5002947-1
1264,1,sw0634,75093-1
1265,1,sw0634a,75183-1
1266,1,sw0634a,75159-1
1267,1,sw0634a,75185-1
1268,1,sw0635,75146-20
1269,1,sw0635,75159-1
1270,1,sw0635,75093-1
1271,1,sw0635,75291-1
1272,1,sw0635,75302-1
1273,1,sw0636,75093-1
1274,1,sw0636b,75222-1
1275,1,sw0636b,75251-1
1276,1,sw0636b,75159-1
1280,1,sw0638,75091-1
1281,1,sw0639,75091-1
1282,1,sw0640,75092-1
1283,1,sw0640,75096-1
1284,1,sw0641,75092-1
1285,2,sw0642,75092-1
1286,2,sw0642s,75092-1
1287,1,sw0643,75094-1
1288,1,sw0644,75094-1
1289,1,sw0645,75094-1
1290,1,sw0646,75094-1
1291,1,sw0647,75106-1
1292,1,sw0648,75106-1
1293,1,sw0649,75096-1
1294,1,sw0650,75096-1
1295,1,sw0651,75096-1
1296,3,sw0652,75096-1
1297,1,sw0653,5002948-1
1298,1,sw0654,75104-1
1299,1,sw0655,75184-11
1300,1,sw0655,75099-1
1301,1,sw0656,75100-1
1302,2,sw0657,75202-1
1303,2,sw0657,75100-1
1304,1,sw0658,75102-1
1305,1,sw0659,75102-1
1306,1,sw0660,75102-1
1307,1,sw0661,75187-1
1308,1,sw0661,75148-1
1309,1,sw0661,75201-1
1310,1,sw0661,75178-1
1311,1,sw0661,75105-1
1312,1,sw0661,75192-1
1313,1,sw0661,75102-1
1314,1,sw0661,75176-1
1315,1,sw0661,75149-1
1316,1,sw0662,75104-1
1317,1,sw0663,75104-1
1318,1,sw0664,75104-1
1319,1,sw0665,75104-1
1320,1,sw0666,75177-1
1321,1,sw0666,75166-1
1322,2,sw0666,75103-1
1323,1,sw0666,75149-1
1324,1,sw0667,75184-8
1325,2,sw0667,75139-1
1326,1,sw0667,75132-1
1327,1,sw0667,75189-1
1328,1,sw0667,75190-1
1329,2,sw0667,75166-1
1330,2,sw0667,75103-1
1331,1,sw0667,75179-1
1332,1,sw0668,75103-1
1333,1,sw0669,75103-1
1334,1,sw0670,75101-1
1335,1,sw0671,75132-1
1336,1,sw0671,75177-1
1337,1,sw0671,75101-1
1338,1,sw0671,75197-1
1339,1,sw0671,75104-1
1340,2,sw0672,75101-1
1341,1,sw0673,75105-1
1342,1,sw0674,75105-1
1343,1,sw0675,75105-1
1344,1,sw0676,75139-1
1345,1,sw0676,911834-1
1346,1,sw0676,75178-1
1347,1,sw0676,75105-1
1348,1,sw0676,75192-1
1349,1,sw0677,75236-1
1350,1,sw0677,75148-1
1351,1,sw0677,75178-1
1352,1,sw0677,75105-1
1353,1,sw0677,75192-1
1354,1,sw0677,75099-1
1356,1,sw0678,75097-18
1357,1,sw0678,75098-1
1358,1,sw0679,75097-23
1359,1,sw0680,75097-25
1360,1,sw0681,75097-4
1361,1,sw0682,75097-21
1362,1,sw0683,75097-14
1363,1,sw0684,75103-1
1368,1,sw0687,75133-1
1369,1,sw0688,75133-1
1370,1,sw0689,75133-1
1371,1,sw0690,75133-1
1372,2,sw0691,75134-1
1373,1,sw0692,75134-1
1374,1,sw0693,75134-1
1375,1,sw0694,75132-1
1376,1,sw0695,75132-1
1377,1,sw0696,75131-1
1378,1,sw0697,75131-1
1379,1,sw0698,75131-1
1380,1,sw0699,75131-1
1381,1,sw0700,75222-1
1382,1,sw0700,75159-1
1383,1,sw0700,75136-1
1384,1,sw0700,75228-1
1385,1,sw0700,75271-1
1386,1,sw0700,75173-1
1387,1,sw0700,75257-1
1388,1,sw0700,75192-1
1389,1,sw0700,75290-1
1390,1,sw0700,75247-1
1391,1,sw0700,75244-1
1398,1,sw0701,75126-1
1399,1,sw0702,911721-1
1400,1,sw0702,75141-1
1401,1,sw0703,75139-1
1402,1,sw0704,75135-1
1403,1,sw0705,75125-1
1404,1,sw0706,75191-1
1405,1,sw0706,75135-1
1406,1,sw0707,75233-1
1407,1,sw0707,75142-1
1408,1,sw0707,75255-1
1409,1,sw0707,75168-1
1410,1,sw0708,75098-1
1411,1,sw0708,75138-1
1412,1,sw0709,75138-1
1413,1,sw0710,75137-1
1414,1,sw0711,75137-1
1415,1,sw0711,75243-1
1416,1,sw0712,75138-1
1417,1,sw0712a,911610-1
1418,1,sw0713,75129-1
1419,1,sw0714,75137-1
1420,1,sw0715,5004406-1
1421,1,sw0716,30605-1
1422,1,sw0717,75139-1
1423,1,sw0718,75140-1
1424,1,sw0719,75140-1
1425,1,sw0720,75140-1
1426,1,sw0721,75140-1
1427,1,sw0722,30602-1
1428,1,sw0723,75178-1
1433,1,sw0724,75098-1
1434,1,sw0725,75098-1
1435,1,sw0726,75098-1
1436,1,sw0727,75098-1
1437,1,sw0728,75098-1
1438,1,sw0729,75098-1
1439,1,sw0730,75098-1
1440,1,sw0731,75098-1
1441,1,sw0734,75098-1
1442,1,sw0735,75098-1
1443,1,sw0736,75098-1
1444,1,sw0737,75149-1
1445,1,sw0738,75149-1
1446,1,sw0739,75148-1
1447,1,sw0740,75148-1
1448,1,sw0741,75150-1
1449,1,sw0742,75184-3
1450,1,sw0742,75150-1
1451,1,sw0743,75150-1
1452,1,sw0744,75150-1
1453,1,sw0745,75151-1
1454,1,sw0746,75151-1
1455,1,sw0747,75157-1
1456,1,sw0748,75157-1
1457,1,sw0749,75157-1
1458,1,sw0750,75157-1
1459,1,sw0751,75167-1
1460,1,sw0751,75145-1
1461,1,sw0752,75145-1
1462,1,sw0753,75147-1
1463,1,sw0754,75147-1
1464,1,sw0755,75147-1
1465,1,sw0756,75147-1
1466,1,sw0756,75186-1
1467,1,sw0757,5004408-1
1468,1,sw0758,75158-1
1469,1,sw0759,75158-1
1475,1,sw0761,11912-1
1476,1,sw0762,75146-3
1477,1,sw0762,75222-1
1478,1,sw0762,11920-1
1479,1,sw0763,75146-25
1480,1,sw0764,75146-7
1481,1,sw0764b,911726-1
1482,1,sw0765,75146-10
1483,1,sw0766,75146-17
1485,1,sw0767,75146-18
1486,1,sw0768,75159-1
1487,2,sw0769,75159-1
1491,1,sw0770,75159-1
1492,1,sw0771,75159-1
1493,1,sw0771,75295-1
1494,1,sw0771,75205-1
1495,1,sw0771,75290-1
1496,1,sw0772,75159-1
1497,1,sw0772,CELEB2017-1
1498,1,sw0773,75159-1
1499,1,sw0774,75159-1
1500,1,sw0775,75159-1
1501,1,sw0776,75159-1
1502,1,sw0777,75159-1
1503,1,sw0777,CELEB2017-1
1504,1,sw0778,75279-5
1505,1,sw0778,75159-1
1506,1,sw0778,911943-1
1507,1,sw0778,75341-1
1508,1,sw0778,75173-1
1509,1,sw0778,75290-1
1510,1,sw0778,75270-1
1511,1,sw0778,75220-1
1512,1,sw0779,75159-1
1513,1,sw0780,75155-1
1514,1,sw0781,75156-1
1515,1,sw0782,75156-1
1516,1,sw0783,75153-1
1517,1,sw0784,75153-1
1518,1,sw0785,75184-22
1519,1,sw0785,75154-1
1520,1,sw0786,75154-1
1521,1,sw0787,75154-1
1522,1,sw0788,75237-1
1523,1,sw0788,75154-1
1524,1,sw0788,75161-1
1525,1,sw0789,75152-1
1526,1,sw0790,75155-1
1527,1,sw0791,75155-1
1528,1,sw0792,75155-1
1529,1,sw0793,75155-1
1530,1,sw0793,75172-1
1531,1,sw0794,75156-1
1532,2,sw0795,75152-1
1533,2,sw0796,75156-1
1534,1,sw0797,75153-1
1535,1,sw0798,75156-1
1536,1,sw0798s,75156-1
1541,1,sw0800,75160-1
1542,1,sw0801,75162-1
1543,1,sw0802,75221-1
1544,1,sw0802,911832-1
1545,1,sw0802,75163-1
1546,1,sw0803,75164-1
1547,1,sw0804,75164-1
1548,1,sw0805,75164-1
1549,1,sw0806,75164-1
1550,1,sw0807,75213-16
1551,2,sw0807,75165-1
1552,1,sw0808,75169-1
1553,1,sw0808,75224-1
1554,1,sw0809,75172-1
1555,1,sw0810,75169-1
1556,1,sw0811,75170-1
1557,1,sw0812,75169-1
1558,1,sw0813,75171-1
1559,1,sw0814,75171-1
1560,2,sw0815,75171-1
1561,1,sw0816,75172-1
1562,1,sw0817,75170-1
1563,1,sw0818,75175-1
1564,1,sw0819,75175-1
1565,1,sw0819,75247-1
1566,1,sw0820,75175-1
1567,1,sw0821,75174-1
1568,1,sw0822,75174-1
1569,1,sw0823,75222-1
1570,1,sw0823,75174-1
1571,1,sw0824,75172-1
1572,1,sw0825,40268-1
1573,1,sw0826,75144-1
1574,1,sw0827,75144-1
1575,1,sw0828,75167-1
1576,1,sw0829,75183-1
1577,1,sw0830,75167-1
1578,1,sw0830,75243-1
1579,1,sw0831a,75222-1
1580,1,sw0831a,75167-1
1581,1,sw0831a,911947-1
1582,1,sw0832,75166-1
1583,1,sw0833,75182-1
1584,1,sw0834,5005376-1
1585,1,sw0834,75183-1
1586,1,sw0835,75183-1
1587,1,sw0836,75183-1
1588,1,sw0837,75182-1
1589,1,sw0838,75183-1
1590,1,sw0839,75213-18
1591,2,sw0839,75180-1
1592,1,sw0840,75180-1
1593,1,sw0841,75192-1
1594,1,sw0841,75180-1
1595,1,sw0842,75178-1
1596,1,sw0843,75186-1
1597,1,sw0844,75191-1
1598,1,sw0845,75191-1
1599,1,sw0846,75191-1
1600,1,sw0846,911839-1
1601,1,sw0847,75185-1
1602,1,sw0847a,911838-1
1603,1,sw0848,75186-1
1610,1,sw0849,75186-1
1611,1,sw0850,40176-1
1612,1,sw0851,75213-12
1613,1,sw0851,75185-1
1614,1,sw0852,75185-1
1615,1,sw0853,75177-1
1616,1,sw0854,75177-1
1617,1,sw0855,75190-1
1618,1,sw0855,75179-1
1619,1,sw0856,75190-1
1620,1,sw0856,75216-1
1621,1,sw0857,75213-3
1622,1,sw0857,75176-1
1623,1,sw0858,75176-1
1624,1,sw0859,75179-1
1625,1,sw0860,75179-1
1626,1,sw0861,75188-3
1627,1,sw0862,75188-2
1628,1,sw0862,75188-3
1629,1,sw0863,75188-2
1630,1,sw0863,75188-3
1631,1,sw0864,75188-2
1632,1,sw0864,75188-3
1633,1,sw0865,75188-2
1634,1,sw0865,75188-3
1635,1,sw0866,75189-1
1636,1,sw0866,75216-1
1637,1,sw0867,75189-1
1638,1,sw0868,75189-1
1639,1,sw0869,75189-1
1640,1,sw0869,75195-1
1641,1,sw0870,75190-1
1642,1,sw0871,75197-1
1643,1,sw0871,75190-1
1644,1,sw0872,75190-1
1645,1,sw0873,75190-1
1646,1,sw0874,75184-25
1647,1,sw0875,75184-15
1648,1,sw0876,75184-6
1649,1,sw0877,75184-18
1652,1,sw0878,75192-1
1653,1,sw0879,75192-1
1657,1,sw0881,75204-1
1658,1,sw0882,75204-1
1659,1,sw0883,75195-1
1660,1,sw0884,75196-1
1661,1,sw0885,75196-1
1662,1,sw0885,75216-1
1663,2,sw0886,75197-1
1664,1,sw0887,75200-1
1665,1,sw0888,75200-1
1666,1,sw0889,75199-1
1668,1,sw0890,75202-1
1669,1,sw0891,75202-1
1670,1,sw0892,75202-1
1671,1,sw0893,75205-1
1672,1,sw0893,75290-1
1673,1,sw0894,75205-1
1674,1,sw0895,75198-1
1675,1,sw0896,75220-1
1676,1,sw0896,75198-1
1677,1,sw0897,75271-1
1678,1,sw0897,75290-1
1679,1,sw0897,75220-1
1680,1,sw0897,75198-1
1681,1,sw0898,75205-1
1682,1,sw0898,75290-1
1683,1,sw0900,75201-1
1684,1,sw0901,75201-1
1685,1,sw0902,75194-1
1686,1,sw0902,75272-1
1687,1,sw0903,40298-1
1688,1,sw0904,75201-1
1689,1,sw0905,75245-4
1690,1,sw0905,75225-1
1691,1,sw0905,911951-1
1692,1,sw0905,75256-1
1695,1,sw0905,75189-1
1696,1,sw0905,75190-1
1697,2,sw0905,75166-1
1698,1,sw0905,75179-1
1699,1,sw0906,75330-1
1700,1,sw0906,75208-1
1701,1,sw0907,75208-1
1702,1,sw0908,75208-1
1703,1,sw0909,75206-1
1704,2,sw0910,75206-1
1705,1,sw0911,75206-1
1706,1,sw0912,75207-1
1707,1,sw0913,75207-1
1708,2,sw0914,75207-1
1709,1,sw0915,75209-1
1710,1,sw0916,75209-1
1711,1,sw0917,75210-1
1712,1,sw0918,75210-1
1713,1,sw0919,75211-1
1714,1,sw0920,75212-1
1715,1,sw0921,75212-1
1716,1,sw0921,75512-1
1717,1,sw0922,75212-1
1718,1,sw0922,75512-1
1719,1,sw0923,75212-1
1720,1,sw0924,75212-1
1721,1,sw0925,75211-1
1722,1,sw0926,75211-1
1723,1,sw0927,75211-1
1724,1,sw0928,75212-1
1725,1,sw0929,75212-1
1726,1,sw0930,911835-1
1727,1,sw0931,75273-1
1731,1,sw0932,75181-1
1732,1,sw0933,75181-1
1733,1,sw0934,40300-1
1734,1,sw0935,40299-1
1735,1,sw0936,75220-1
1736,1,sw0937,75220-1
1737,1,sw0938,75220-1
1738,1,sw0939,75214-1
1739,1,sw0940,75215-1
1740,1,sw0941,75215-1
1741,1,sw0942,75215-1
1742,1,sw0943,75218-1
1743,1,sw0944,75218-1
1744,1,sw0945,75219-1
1745,1,sw0946,75219-1
1746,2,sw0947,75216-1
1747,1,sw0948,75217-1
1748,1,sw0949,75217-1
1749,2,sw0950,75217-1
1750,1,sw0951,75217-1
1751,1,sw0952,75218-1
1752,1,sw0953,75219-1
1753,1,sw0954,75219-1
1754,1,sw0955,75219-1
1755,1,sw0956,75203-1
1756,1,sw0957,75203-1
1757,1,sw0958,75222-1
1758,1,sw0958,75203-1
1759,1,sw0959,75203-1
1760,1,sw0960,75221-1
1761,1,sw0961,75221-1
1762,1,sw0962,75190-1
1763,1,sw0963,75213-24
1764,1,sw0964,7670-1
1765,1,sw0964,7670-2
1766,1,sw0965,75016-1
1767,1,sw0966,75142-1
1768,1,sw0967,911840-1
1769,1,sw0968,75213-6
1770,1,sw0969,75245-23
1771,2,sw0969,75222-1
1772,1,sw0970,75222-1
1773,1,sw0971,75294-1
1774,1,sw0971,75222-1
1775,1,sw0971,912065-1
1776,1,sw0972,75222-1
1777,1,sw0973,75222-1
1778,1,sw0974,75222-1
1779,1,sw0975,75222-1
1780,1,sw0976,75222-1
1781,1,sw0977,75222-1
1782,1,sw0978,75222-1
1783,1,sw0978,75137-1
1784,1,sw0978,9516-1
1785,1,sw0978,75243-1
1786,1,sw0978,75060-1
1787,1,sw0978,8097-1
1788,1,sw0979,7186-1
1789,1,sw0980,7171-1
1790,1,sw0981,75251-1
1791,1,sw0982,75251-1
1792,1,sw0983,75245-14
1793,1,sw0983,75251-1
1794,1,sw0984,10123-1
1795,1,sw0984,4476-1
1796,1,sw0984,7144-1
1797,1,sw0984,6209-1
1798,1,sw0985,5005747-1
1799,1,sw0986,75226-1
1800,1,sw0987,75226-1
1801,1,sw0988,75226-1
1802,2,sw0989,75225-1
1803,1,sw0990,75225-1
1804,1,sw0990,912059-1
1805,1,sw0991,75288-1
1806,1,sw0991,75259-1
1807,1,sw0991,75235-1
1808,1,sw0992,75228-1
1809,1,sw0994,75229-1
1810,1,sw0994,75339-1
1811,1,sw0995,75245-19
1812,1,sw0995,75244-1
1813,1,sw0995,75237-1
1814,2,sw0996,75283-1
1815,2,sw0996,75234-1
1816,2,sw0996,75233-1
1817,1,sw0997a,75229-1
1818,1,sw0997a,75235-1
1819,1,sw0997b,75279-23
1820,1,sw0997b,75229-1
1821,3,sw0997b,75262-1
1822,1,sw0997b,912062-1
1823,1,sw0997b,75235-1
1824,1,sw0998,75225-1
1825,1,sw0999,75229-1
1826,1,sw1000,75226-1
1827,1,sw1001,75258-1
1828,1,sw1001,75223-1
1829,1,sw1002,75234-1
1830,1,sw1002,75261-1
1831,1,sw1003,75234-1
1832,1,sw1004,75229-1
1833,1,sw1005,75188-2
1834,1,sw1006,75236-1
1835,1,sw1007,75238-1
1836,1,sw1008,75239-1
1837,2,sw1009,75241-1
1838,1,sw1009,75239-1
1839,1,sw1009,75268-1
1840,1,sw1010,75240-1
1841,1,sw1011,75240-1
1842,1,sw1012,75240-1
1843,1,sw1013,75240-1
1844,1,sw1014,75241-1
1845,1,sw1015,75241-1
1846,1,sw1016,75241-1
1847,1,sw1017,75241-1
1848,1,sw1018,75242-1
1849,1,sw1019,75242-1
1850,1,sw1020,75243-1
1851,1,sw1021,75243-1
1853,1,sw1022,75243-1
1854,1,sw1023,75258-1
1855,1,sw1024,75258-1
1856,1,sw1025,75259-1
1857,1,sw1026,75259-1
1858,1,sw1027,75259-1
1859,1,sw1028,75261-1
1860,1,sw1029,75261-1
1861,1,sw1030,75261-1
1862,1,sw1031,75262-1
1863,1,sw1032,75262-1
1866,1,sw1034,75242-1
1867,1,sw1034,75250-1
1868,1,sw1034,75297-1
1869,1,sw1034,912173-1
1870,1,sw1035,75244-1
1871,1,sw1036,75301-1
1872,1,sw1036,912289-1
1873,1,sw1036,75244-1
1874,1,sw1037,75244-1
1878,1,sw1039,75245-10
1879,1,sw1040,75245-24
1880,1,sw1041,75522-1
1881,1,sw1042,75522-1
1882,1,sw1043,75252-1
1883,1,sw1044,75252-1
1884,1,sw1045,75245-13
1885,1,sw1045,75246-1
1886,1,sw1046,75246-1
1887,1,sw1046,75290-1
1888,1,sw1047,75248-1
1889,1,sw1048,75248-1
1890,1,sw1049,75249-1
1891,1,sw1050,75263-1
1892,1,sw1050,75249-1
1893,1,sw1051,75279-11
1894,1,sw1051,75278-1
1895,1,sw1051,75257-1
1896,1,sw1051,75249-1
1897,1,sw1051,sw1118
1898,1,sw1052,75249-1
1899,1,sw1053,75249-1
1900,1,sw1054,75279-10
1901,1,sw1054,75284-1
1902,1,sw1054,75250-1
1903,1,sw1054,912173-1
1904,1,sw1055,75250-1
1905,1,sw1056,75250-1
1906,1,sw1057,75254-1
1907,1,sw1057,75292-1
1908,1,sw1058,75254-1
1909,1,sw1058,75315-1
1910,1,sw1059,75254-1
1911,1,sw1060,75254-1
1912,1,sw1061,75256-1
1913,1,sw1062,75256-1
1914,1,sw1063,75256-1
1915,1,sw1064,75256-1
1916,1,sw1065,75279-8
1917,1,sw1065,75256-1
1918,1,sw1065,912174-1
1919,1,sw1065,75266-1
1920,1,sw1066,75257-1
1921,1,sw1066,75272-1
1922,1,sw1067,75257-1
1923,1,sw1068,75257-1
1924,1,sw1069,30624-1
1925,1,sw1070,4002019-1
1926,1,sw1071,4002019-1
1927,1,sw1072,75264-1
1928,1,sw1073,75265-1
1929,1,sw1074,75307-9
1930,1,sw1074,75270-1
1931,1,sw1074,75265-1
1932,1,sw1074,75299-1
1933,1,sw1074,912283-1
1934,2,sw1075,75266-1
1935,1,sw1076,75266-1
1936,1,sw1077,75267-1
1937,1,sw1078,75267-1
1938,1,sw1078,912168-1
1939,1,sw1079,75267-1
1940,1,sw1080,75267-1
1941,1,sw1081,75268-1
1942,1,sw1082,75269-1
1943,1,sw1082,75286-1
1944,1,sw1083,75269-1
1945,1,sw1084,75270-1
1946,1,sw1085,75281-1
1947,1,sw1085,75301-1
1948,1,sw1085,75290-1
1949,1,sw1085,75270-1
1950,1,sw1085,75273-1
1951,1,sw1085,75308-1
1952,1,sw1086,75271-1
1953,1,sw1087,75272-1
1954,1,sw1088,75273-1
1955,1,sw1089,75273-1
1958,1,sw1092,75275-1
1959,1,sw1093,75280-1
1960,3,sw1094,75280-1
1961,1,sw1094,912281-1
1962,1,sw1095,75281-1
1963,1,sw1096,75283-1
1964,1,sw1096,75310-1
1965,1,sw1097,75283-1
1966,1,sw1098,75284-1
1967,1,sw1099,75284-1
1968,1,sw1100,75286-1
1969,1,sw1101,75288-1
1970,1,sw1102,75288-1
1971,1,sw1103,75288-1
1972,1,sw1104,75288-1
1973,1,sw1104,75313-1
1974,1,sw1104,75298-1
1975,1,sw1105,75288-1
1976,1,sw1106,75291-1
1977,1,sw1107,75291-1
1978,1,sw1107,912169-1
1979,1,sw1108,75293-1
1980,1,sw1109,75293-1
1981,1,sw1110,75293-1
1982,1,sw1111,75293-1
1983,1,sw1112,75294-1
1984,1,sw1112,75296-1
1985,1,sw1113,75315-1
1986,1,sw1113,75318-1
1987,1,sw1113,75325-1
1988,1,sw1113,75331-1
1989,1,sw1113,75292-1
1990,1,sw1113,75299-1
1991,1,sw1114,75292-1
1992,1,sw1115,75307-21
1993,1,sw1115,75292-1
1994,1,sw1116,75307-14
1995,1,sw1116,75292-1
1996,1,sw1117,75279-3
1997,1,sw1118,75279-11
1998,1,sw1119,75279-18
1999,1,sw1120,75279-22
2000,1,sw1121,75279-25
2001,1,sw1122s,75292-1
2002,1,sw1123s,75292-1
2003,1,sw1124,75290-1
2004,1,sw1125,75290-1
2005,1,sw1126,75290-1
2006,1,sw1127,75290-1
2007,1,sw1128,75290-1
2008,1,sw1129,75290-1
2009,1,sw1130,75290-1
2010,1,sw1131,75290-1
2011,1,sw1132,75290-1
2012,1,sw1133,75146-8
2013,1,sw1134,75213-25
2014,1,sw1135,75312-1
2015,1,sw1135,75315-1
2016,1,sw1135,75299-1
2017,1,sw1136,75300-1
2018,1,sw1137,75307-4
2019,1,sw1137,75300-1
2020,1,sw1138,75300-1
2021,1,sw1139,75313-1
2022,1,sw1139,75301-1
2023,1,sw1140,75301-1
2024,1,sw1141,75302-1
2025,1,sw1142,75302-1
2026,1,sw1143,75340-22
2027,1,sw1143,75298-1
2032,1,sw1245,75344-1
2033,1,sw1190,75322-1
2034,1,sw1249,75347-1
2035,2,sw1247,75345-1
2036,1,sw1251,75347-1
2037,1,sw1248,75345-1
2038,1,sw1250,75347-1
2039,1,sw1252,75347-1
2046,1,sw0202a,7681-1
2047,1,sw0202b,7681-1
2048,1,sw1246,75345-1
2054,2,sw1207,75342-1
2248,1,sw1230,75338-1
2260,1,sw1143,912291-1
2261,1,sw1145,75297-1
2262,1,sw1231,75338-1
2263,1,sw1146,75340-3
2264,1,sw1146,40558-1
2265,1,sw1146,75309-1
2267,1,sw1148,75314-1
2268,1,sw1148,75323-1
2269,1,sw1149,75314-1
2270,1,sw1150,75314-1
2271,1,sw1151,75314-1
2272,1,sw1152,75314-1
2273,1,sw1153,75314-1
2274,1,sw1155,912285-1
2275,1,sw1155,75310-1
2276,1,sw1156,75311-1
2279,1,sw1157,75311-1
2280,1,sw1158,75312-1
2281,1,sw1158,75326-1
2282,1,sw1159,75315-1
2283,1,sw1159,75323-1
2284,3,sw1161,75324-1
2285,1,sw1161,75315-1
2286,1,sw1162,75316-1
2287,1,sw1163,912302-1
2288,1,sw1163,75316-1
2289,1,sw1164,75316-1
2290,1,sw1164,912286-1
2291,1,sw1165,75309-1
2292,1,sw1166,75319-1
2293,1,sw1166,75321-1
2294,1,sw1167,75311-1
2295,1,sw1168,75311-1
2296,1,sw1169s,75312-1
2297,1,sw1170,75307-25
2298,1,sw1171,75319-1
2299,1,sw1172,75319-1
2300,1,sw1173,75307-23
2301,1,sw1174,75307-19
2302,1,sw1175,75313-1
2303,1,sw1176,75313-1
2304,1,sw1177,75313-1
2305,1,sw1178,75313-1
2306,1,sw1178,75320-1
2307,1,sw1178,912179-1
2308,1,sw1179,75313-1
2309,1,sw1179,75320-1
2310,1,sw1180,75340-18
2311,1,sw1180,75313-1
2312,1,sw1181,75313-1
2313,1,sw1181,75320-1
2314,1,sw1182,75320-1
2315,1,sw1183,75322-1
2316,1,sw1184,75322-1
2317,1,sw1185,75322-1
2318,1,sw1186,40557-1
2319,1,sw1187,40557-1
2320,1,sw1188,40557-1
2321,2,sw1189,40558-1
2322,1,sw1194,75326-1
2323,1,sw1195,75326-1
2324,1,sw1196,75326-1
2325,1,sw1197,75326-1
2326,1,sw1198,30625-1
2327,1,sw1199,75330-1
2328,1,sw1200,75330-1
2329,1,sw1201,75339-1
2330,1,sw1202,75339-1
2331,1,sw1203,75339-1
2332,1,sw1204,75339-1
2333,1,sw1205,75342-1
2334,1,sw1206,75342-1
2335,1,sw1208,40531-1
2336,1,sw1209,75341-1
2337,1,sw1210,75325-1
2338,1,sw1211,75325-1
2339,1,sw1212,75325-1
2340,1,sw1213,75335-1
2341,1,sw1214,75323-1
2342,1,sw1215,75323-1
2343,1,sw1216,75333-1
2347,1,sw1217,75332-1
2348,1,sw1218,75332-1
2349,1,sw1219,75323-1
2350,1,sw1220,75333-1
2351,1,sw1221,75333-1
2352,1,sw1222,75336-1
2353,1,sw1223,75336-1
2354,1,sw1224,75336-1
2355,1,sw1225,75334-1
2356,1,sw1226,75334-1
2357,1,sw1227,75334-1
2358,1,sw1228,75334-1
2359,1,sw1229,75332-1
2360,1,sw1232,75338-1
2361,1,sw1233,75337-1
2362,1,sw1234,75337-1
2363,1,sw1236,75337-1
2364,1,sw1237,75336-1
2365,1,sw1238,75340-10
2366,1,sw1240,75340-24
2367,1,sw1241,75340-25
2368,1,sw1242,75331-1
2369,1,sw1244,75331-1
2370,1,sw1191,75324-1
2371,1,sw1192,75326-1
2372,1,sw1193,75326-1
2373,1,sw1235,912303-1
2374,3,sw1235,75337-1
2375,1,sw1154,75296-1
2378,1,sw1239,75340-13
2379,1,sw1160,75315-1
2380,1,sw1243,75331-1
